seed	arm	project	architecture	arch_level	demog_level	demog_level_sub	n_traits	ispleiotropy	K_authors	k_best	meanFst	r2_pc1_temp	r2_pc1_sal	n_snps	n_causal_pre	n_causal_maf01	n_causal_temp	n_causal_sal	final_LA	group	added
1232568	control_degenerate	MVP1232568	mod-polygenic_2-trait-pleiotropy-equal-S	mod-polygenic	Est-Clines	N-variable_m-variable	2	1	1	2	0.2166	0.9397	0.0036	10062	389	38	37	37	0.4895	group1	initial
1231578	control_degenerate	MVP1231578	highly-polygenic_2-trait-no-pleiotropy-unequal-S	highly-polygenic	Est-Clines	N-variable_m-variable	2	0	1	2	0.2102	0.9197	4e-04	13161	2103	515	236	278	0.3316	group1	initial
1231288	primary	MVP1231288	oliogenic_2-trait-no-pleiotropy-unequal-S	oliogenic	SS-Mtn	N-variable_m-variable	2	0	2	2	0.2174	0.5712	0.0015	11287	14	6	2	4	0.3917	group1	initial
1232578	primary	MVP1232578	mod-polygenic_2-trait-pleiotropy-equal-S	mod-polygenic	SS-Mtn	N-variable_m-variable	2	1	7	7	0.2046	0.4333	0.0249	10145	436	28	28	28	0.5488	group1	initial
1232548	primary	MVP1232548	mod-polygenic_2-trait-no-pleiotropy-equal-S	mod-polygenic	SS-Mtn	N-variable_m-variable	2	0	5	5	0.1978	0.5726	0.0046	10394	643	70	30	40	0.5458	group1	initial
1231858	primary	MVP1231858	mod-polygenic_1-trait	mod-polygenic	SS-Mtn	N-variable_m-variable	1	0	3	3	0.1952	0.5206	0.0124	8526	465	46	46	0	0.4728	group1	initial
1232218	primary	MVP1232218	oliogenic_2-trait-pleiotropy-unequal-S	oliogenic	SS-Mtn	N-variable_m-variable	2	1	2	2	0.1925	0.345	0.0034	9934	8	6	6	6	0.3674	group1	initial
1231993	primary	MVP1231993	oliogenic_2-trait-pleiotropy-unequal-S	oliogenic	SS-Mtn	N-variable_m-variable	2	1	2	2	0.1923	0.418	6e-04	4985	11	8	8	8	0.3667	group1	initial
1232398	primary	MVP1232398	oliogenic_2-trait-no-pleiotropy-equal-S	oliogenic	SS-Mtn	N-variable_m-variable	2	0	1	2	0.1853	0.5026	0.0054	9548	16	10	3	7	0.5462	group1	initial
1233208	primary	MVP1233208	mod-polygenic_1-trait	mod-polygenic	SS-Mtn	N-variable_m-variable	1	0	4	4	0.1821	0.4506	0.0143	9672	516	39	39	0	0.4674	group1	initial
1232923	primary	MVP1232923	highly-polygenic_2-trait-no-pleiotropy-equal-S	highly-polygenic	SS-Mtn	N-variable_m-variable	2	0	3	3	0.1758	0.3245	0.0293	12185	2228	363	163	200	0.5539	group1	initial
1231798	primary	MVP1231798	highly-polygenic_2-trait-no-pleiotropy-equal-S	highly-polygenic	SS-Mtn	N-variable_m-variable	2	0	3	3	0.174	0.3973	0.027	9916	2250	395	171	224	0.5459	group1	initial
1232788	primary	MVP1232788	mod-polygenic_2-trait-no-pleiotropy-unequal-S	mod-polygenic	SS-Mtn	N-variable_m-variable	2	0	2	2	0.1719	0.3611	0.0193	9490	694	72	42	30	0.4088	group1	group1_expansion
1232908	primary	MVP1232908	highly-polygenic_1-trait	highly-polygenic	SS-Mtn	N-variable_m-variable	1	0	2	2	0.1717	0.3973	0.0058	11438	2071	268	268	0	0.4766	group1	initial
1233133	primary	MVP1233133	highly-polygenic_1-trait	highly-polygenic	SS-Mtn	N-variable_m-variable	1	0	2	2	0.1711	0.3103	0.0174	10831	2123	324	324	0	0.4687	group1	initial
1233328	primary	MVP1233328	oliogenic_2-trait-pleiotropy-equal-S	oliogenic	SS-Mtn	N-variable_m-variable	2	1	3	3	0.1708	0.3642	0.0058	13025	11	8	8	8	0.5389	group1	group1_expansion
1232383	primary	MVP1232383	oliogenic_1-trait	oliogenic	SS-Mtn	N-variable_m-variable	1	0	2	2	0.1551	0.2529	0.0079	10650	8	4	4	0	0.4672	group1	group1_expansion
1232368	primary	MVP1232368	mod-polygenic_2-trait-pleiotropy-unequal-S	mod-polygenic	SS-Mtn	N-variable_m-variable	2	1	9	9	0.1541	0.2469	0.0348	7426	540	34	34	34	0.3832	group1	group1_expansion
1231974	primary	MVP1231974	oliogenic_2-trait-pleiotropy-equal-S	oliogenic	SS-Mtn	N-cline-center-to-edge_m-constant	2	1	3	3	0.1512	0.2291	4e-04	24381	7	6	6	6	0.5228	group1	group1_expansion
1232698	primary	MVP1232698	highly-polygenic_2-trait-no-pleiotropy-equal-S	highly-polygenic	SS-Mtn	N-variable_m-variable	2	0	4	4	0.1499	0.4367	0.0296	10905	2483	406	195	211	0.5507	group1	group1_expansion
1231468	primary	MVP1231468	mod-polygenic_2-trait-pleiotropy-unequal-S	mod-polygenic	SS-Mtn	N-variable_m-variable	2	1	2	2	0.1461	0.5578	0.0287	11287	532	33	33	33	0.3908	group1	group1_expansion
1231513	primary	MVP1231513	oliogenic_2-trait-no-pleiotropy-unequal-S	oliogenic	SS-Mtn	N-variable_m-variable	2	0	2	2	0.1452	0.5099	1e-04	9600	21	9	3	6	0.3888	group1	group1_expansion
1233100	primary	MVP1233100	oliogenic_2-trait-pleiotropy-equal-S	oliogenic	SS-Mtn	N-cline-N-to-S_m-constant	2	1	2	2	0.1415	0.241	0.0032	24981	8	7	7	7	0.5185	group1	group1_expansion
1231194	primary	MVP1231194	mod-polygenic_2-trait-no-pleiotropy-equal-S	mod-polygenic	SS-Mtn	N-cline-center-to-edge_m-constant	2	0	3	3	0.1411	0.2071	2e-04	24460	694	66	32	34	0.555	group1	group1_expansion
1231585	primary	MVP1231585	highly-polygenic_2-trait-no-pleiotropy-unequal-S	highly-polygenic	SS-Mtn	N-cline-N-to-S_m-constant	2	0	2	2	0.139	0.3112	3e-04	26267	3299	534	272	262	0.4081	group1	group1_expansion
1231600	primary	MVP1231600	highly-polygenic_2-trait-pleiotropy-equal-S	highly-polygenic	SS-Mtn	N-cline-N-to-S_m-constant	2	1	2	2	0.1384	0.5868	0	26486	3057	429	427	427	0.5585	group1	group1_expansion
1231465	primary	MVP1231465	mod-polygenic_2-trait-pleiotropy-unequal-S	mod-polygenic	SS-Mtn	N-cline-N-to-S_m-constant	2	1	2	2	0.1357	0.3213	0.0052	25451	651	39	39	39	0.4101	group1	group1_expansion
1233175	primary	MVP1233175	highly-polygenic_2-trait-pleiotropy-equal-S	highly-polygenic	SS-Mtn	N-cline-N-to-S_m-constant	2	1	4	4	0.1345	0.4879	0.0037	25631	3227	415	415	415	0.5529	group1	group1_expansion
1232860	primary	MVP1232860	oliogenic_2-trait-no-pleiotropy-unequal-S	oliogenic	SS-Mtn	N-cline-N-to-S_m-constant	2	0	4	4	0.1324	0.5764	0.0031	25383	14	8	2	6	0.4165	group1	group1_expansion
1232515	primary	MVP1232515	highly-polygenic_2-trait-pleiotropy-unequal-S	highly-polygenic	SS-Mtn	N-cline-N-to-S_m-constant	2	1	4	4	0.1318	0.2067	0.0032	26633	3448	497	497	497	0.409	group1	group1_expansion
1232740	primary	MVP1232740	highly-polygenic_2-trait-pleiotropy-unequal-S	highly-polygenic	SS-Mtn	N-cline-N-to-S_m-constant	2	1	3	3	0.1311	0.3652	0.0013	25839	3308	434	434	434	0.4122	group1	group1_expansion
1232335	primary	MVP1232335	mod-polygenic_2-trait-no-pleiotropy-unequal-S	mod-polygenic	SS-Mtn	N-cline-N-to-S_m-constant	2	0	4	4	0.1276	0.2902	3e-04	25664	931	98	57	41	0.4083	group1	group1_expansion
